{
  "text": "Once upon a time there was a girl. The young pretty girl was named",
  "model_type": "tft",
  "predictions": [
    {
      "layer": 0,
      "position": 14,
      "tokens": [
        "named",
        "was",
        "called",
        "were",
        "are"
      ],
      "probs": [
        0.33111584186553955,
        0.13947871327400208,
        0.10826507955789566,
        0.06521770358085632,
        0.01774272508919239
      ],
      "token_ids": [
        3706,
        373,
        1444,
        547,
        389
      ],
      "perplexity": 35.56254196166992,
      "current_token_id": 3706,
      "current_token": " named",
      "similarity_to_current": 0.3068814277648926,
      "similarity_to_predicted": 0.1083170473575592
    },
    {
      "layer": 1,
      "position": 14,
      "tokens": [
        "named",
        ",",
        "Lily",
        "the",
        "called"
      ],
      "probs": [
        0.20287592709064484,
        0.10421985387802124,
        0.07027886807918549,
        0.06409135460853577,
        0.04893249273300171
      ],
      "token_ids": [
        3706,
        11,
        20037,
        262,
        1444
      ],
      "perplexity": 58.87623596191406,
      "current_token_id": 3706,
      "current_token": " named",
      "similarity_to_current": 0.2762107253074646,
      "similarity_to_predicted": 0.1328764259815216
    },
    {
      "layer": 2,
      "position": 14,
      "tokens": [
        "called",
        "a",
        "the",
        ",",
        "very"
      ],
      "probs": [
        0.2512921392917633,
        0.07655007392168045,
        0.05660264194011688,
        0.04684796929359436,
        0.03242768719792366
      ],
      "token_ids": [
        1444,
        257,
        262,
        11,
        845
      ],
      "perplexity": 84.89569854736328,
      "current_token_id": 3706,
      "current_token": " named",
      "similarity_to_current": 0.20695117115974426,
      "similarity_to_predicted": 0.12541164457798004
    },
    {
      "layer": 3,
      "position": 14,
      "tokens": [
        "Sarah",
        "Daisy",
        "Jack",
        "Sus",
        "Lucy"
      ],
      "probs": [
        0.12296421825885773,
        0.09990592300891876,
        0.04241124540567398,
        0.03305758163332939,
        0.029816655442118645
      ],
      "token_ids": [
        10490,
        40355,
        3619,
        8932,
        22162
      ],
      "perplexity": 100.17047882080078,
      "current_token_id": 3706,
      "current_token": " named",
      "similarity_to_current": 0.18202993273735046,
      "similarity_to_predicted": 0.22930434346199036
    },
    {
      "layer": 4,
      "position": 14,
      "tokens": [
        "Sus",
        "Sarah",
        "Lucy",
        "Daisy",
        "Ell"
      ],
      "probs": [
        0.16624172031879425,
        0.14486992359161377,
        0.11331143975257874,
        0.06305240094661713,
        0.04676299914717674
      ],
      "token_ids": [
        8932,
        10490,
        22162,
        40355,
        7122
      ],
      "perplexity": 36.57080841064453,
      "current_token_id": 3706,
      "current_token": " named",
      "similarity_to_current": 0.08911877125501633,
      "similarity_to_predicted": 0.3171294331550598
    },
    {
      "layer": 5,
      "position": 14,
      "tokens": [
        "Sarah",
        "Lucy",
        "Anna",
        "Lily",
        "Jane"
      ],
      "probs": [
        0.10540265589952469,
        0.10368385910987854,
        0.0869055837392807,
        0.06884698569774628,
        0.06175719574093819
      ],
      "token_ids": [
        10490,
        22162,
        11735,
        20037,
        12091
      ],
      "perplexity": 46.830101013183594,
      "current_token_id": 3706,
      "current_token": " named",
      "similarity_to_current": 0.02902854047715664,
      "similarity_to_predicted": 0.43413060903549194
    }
  ],
  "final_prediction": {
    "layer": "FINAL",
    "position": 14,
    "tokens": [
      "Lucy",
      "Sarah",
      "Lily",
      "Anna",
      "Jane"
    ],
    "probs": [
      0.12517641484737396,
      0.10300787538290024,
      0.09602048993110657,
      0.08331702649593353,
      0.06334545463323593
    ],
    "perplexity": 39.628055572509766,
    "input_text": "Once upon a time there was a girl. The young pretty girl was named",
    "predicted_next": "Lucy"
  }
}