{
  "total_tokens": 109005055,
  "unique_tokens": 49629,
  "num_samples": 100000,
  "avg_sequence_length": 1090.05055,
  "vocab_coverage": 0.9875042282667091,
  "coverage_thresholds": {
    "0.5": 312,
    "0.8": 4848,
    "0.9": 11545,
    "0.95": 19365,
    "0.98": 28730,
    "0.99": 34325,
    "0.999": 44526
  }
}